cluster,f1,f2,f3,f4
0,5.005660377358491,3.360377358490567,1.562264150943396,0.2886792452830188
1,6.30103092783505,2.8865979381443303,4.958762886597939,1.6958762886597945
